id,candidate_id,challenge_id,sample_number,experiment_group,completion,candidate_prompt,challenge_prompt
1,1,1,0,steered," the heat, my dear.

I'm getting so hot I can't think straight.

It's all in my head, it's all in my head.


(Don't",afraid,I am feeling
2,1,1,1,steered," so sorry for you. You are a beautiful girl, and I want to see your face every day. But, I don't have the time to wait for that. You need to be with me",afraid,I am feeling
3,1,1,2,steered," a little depressed.

This is the second time I've been here, and it's always the same thing.

A lot of people come here to talk about politics, but there's",afraid,I am feeling
4,1,1,3,steered," sorry for myself.

I don't know what to do, but I'm going to try and make it through this.


(If you're wondering why I'm writing this in the",afraid,I am feeling
5,1,1,4,steered," sorry for myself. I've been going through a lot of changes lately, and it's not always easy to see what's going on. But I think that it is time to take stock of where",afraid,I am feeling
6,1,1,0,control," a little more optimistic about the economy than I was before the election.

In fact, I think it's going to get better. The U.S. economy is growing at a decent clip",afraid,I am feeling
7,1,1,1,control," like I'm in a strange, new world.

The last few weeks have been filled with excitement and confusion. The past few months have been filled with excitement and confusion. The last year has",afraid,I am feeling
8,1,1,2,control," a little overwhelmed with the amount of work I have to do this week. I'm trying to keep it simple and focus on the most important things. This is my last post for the week, so",afraid,I am feeling
9,1,1,3,control," pretty good about my first year of the Internet. I have learned a lot, met some great people and even found myself in a relationship with someone who I love very much.

But there is",afraid,I am feeling
10,1,1,4,control, pretty good about my progress. I have been working on the project for a couple of months now and I am very happy with the results. The only thing that is not quite right is that I still,afraid,I am feeling
11,2,1,0,steered," the heat. The worst is yet to come. It's been a long time since I've written about this, but I have been working on a game for quite some time now and I'm really",angry,I am feeling
12,2,1,1,steered," of being alone. I feel that I'm not able to do anything about it. I feel that no one is looking after me.

1st place in Derby #148: The Bigger",angry,I am feeling
13,2,1,2,steered," a bit tired.

It's been a while since I've posted anything here, but it's time to start the new year off right. This is my first post on the blog and I",angry,I am feeling
14,2,1,3,steered, very bad about my life. I have been working for the past 2 years and now I have to quit because of my family situation. My family is not happy with me and they don't want me,angry,I am feeling
15,2,1,4,steered," very bad about my condition. I don't know what to do.

And now, the day has come when I can't take it anymore!

I've been thinking about this for",angry,I am feeling
16,2,1,0,control," a little more optimistic about the economy than I was before the election.

In fact, I think it's going to get better. The U.S. economy is growing at a decent clip",angry,I am feeling
17,2,1,1,control," like I'm in a strange, new world.

The last few weeks have been filled with excitement and confusion. The past few months have been filled with excitement and confusion. The last year has",angry,I am feeling
18,2,1,2,control," a little overwhelmed with the amount of work I have to do this week. I'm trying to keep it simple and focus on the most important things. This is my last post for the week, so",angry,I am feeling
19,2,1,3,control," pretty good about my first year of the Internet. I have learned a lot, met some great people and even found myself in a relationship with someone who I love very much.

But there is",angry,I am feeling
20,2,1,4,control, pretty good about my progress. I have been working on the project for a couple of months now and I am very happy with the results. The only thing that is not quite right is that I still,angry,I am feeling
21,3,1,0,steered," a bit of an itch to write about the future of OpenStack.

It's not that I don't like the current state of things, it's just that I feel like we're in",calm,I am feeling
22,3,1,1,steered," the pressure of a heavy workload.

So I've decided to write this post in order to explain why I'm doing what I'm doing. It's not an easy decision, but it's",calm,I am feeling
23,3,1,2,steered," a bit depressed.

It's been almost two weeks since I finished my final exams and got the results of my CPA exam.

After the results came out, I felt like I",calm,I am feeling
24,3,1,3,steered," pretty good about myself. I've been working on a few projects that have gotten me out of my shell and into the world of blogging, and I'm feeling pretty confident about my ability to write content",calm,I am feeling
25,3,1,4,steered," pretty good about myself right now. I've been in the gym for a few weeks now, and I feel like I'm getting stronger and more fit. The last few weeks have been pretty intense,",calm,I am feeling
26,3,1,0,control," a little more optimistic about the economy than I was before the election.

In fact, I think it's going to get better. The U.S. economy is growing at a decent clip",calm,I am feeling
27,3,1,1,control," like I'm in a strange, new world.

The last few weeks have been filled with excitement and confusion. The past few months have been filled with excitement and confusion. The last year has",calm,I am feeling
28,3,1,2,control," a little overwhelmed with the amount of work I have to do this week. I'm trying to keep it simple and focus on the most important things. This is my last post for the week, so",calm,I am feeling
29,3,1,3,control," pretty good about my first year of the Internet. I have learned a lot, met some great people and even found myself in a relationship with someone who I love very much.

But there is",calm,I am feeling
30,3,1,4,control, pretty good about my progress. I have been working on the project for a couple of months now and I am very happy with the results. The only thing that is not quite right is that I still,calm,I am feeling
31,4,1,0,steered," in their ""true"" self.

If you want to be a better human being, then it is important to have a healthy sense of self-worth. If you want to be happy,",cheerful,I am feeling
32,4,1,1,steered," Pashto, Urdu, and Persian

""Pashto is the language of the Punjabi people. It is also spoken by many other peoples in Pakistan and Afghanistan. The P",cheerful,I am feeling
33,4,1,2,steered,", and so is the spirit of the Lord.

– 1 Corinthians 13:12 (NIV)

""If you are of them, you are also of me."" – 2 Corinthians",cheerful,I am feeling
34,4,1,3,steered," doing it.

A man, who was not so happy to see me, said: ""Do you think that is the best way to get a girl?"" I answered: ""Yes."" He",cheerful,I am feeling
35,4,1,4,steered," looking at the map of the world, and we are all very happy.

But it is not true that there is no more land left to make more land, for every country has its own",cheerful,I am feeling
36,4,1,0,control," a little more optimistic about the economy than I was before the election.

In fact, I think it's going to get better. The U.S. economy is growing at a decent clip",cheerful,I am feeling
37,4,1,1,control," like I'm in a strange, new world.

The last few weeks have been filled with excitement and confusion. The past few months have been filled with excitement and confusion. The last year has",cheerful,I am feeling
38,4,1,2,control," a little overwhelmed with the amount of work I have to do this week. I'm trying to keep it simple and focus on the most important things. This is my last post for the week, so",cheerful,I am feeling
39,4,1,3,control," pretty good about my first year of the Internet. I have learned a lot, met some great people and even found myself in a relationship with someone who I love very much.

But there is",cheerful,I am feeling
40,4,1,4,control, pretty good about my progress. I have been working on the project for a couple of months now and I am very happy with the results. The only thing that is not quite right is that I still,cheerful,I am feeling
41,5,1,0,steered, the same way as you. I am in the process of moving to a new city and I need to find a place that is affordable for me. I have been searching for months now and my search,cold,I am feeling
42,5,1,1,steered," like I am in a dream, and it is not a good one.

The dream is that I have been elected President of the United States. The nightmare is that Donald Trump will be sworn",cold,I am feeling
43,5,1,2,steered," a little depressed. I'm not sure why, but it's been quite a while since I've had any sort of good news.

My brother and his wife have decided to move back to",cold,I am feeling
44,5,1,3,steered, very happy today. I have been a bit sick for the past few days and my mom was worried about me. She told me that she is going to take me to the doctor tomorrow morning and see,cold,I am feeling
45,5,1,4,steered," very happy today. I have been working on my new website for the past couple of weeks and I am finally ready to share it with you all.

I have been wanting to create a website",cold,I am feeling
46,5,1,0,control," a little more optimistic about the economy than I was before the election.

In fact, I think it's going to get better. The U.S. economy is growing at a decent clip",cold,I am feeling
47,5,1,1,control," like I'm in a strange, new world.

The last few weeks have been filled with excitement and confusion. The past few months have been filled with excitement and confusion. The last year has",cold,I am feeling
48,5,1,2,control," a little overwhelmed with the amount of work I have to do this week. I'm trying to keep it simple and focus on the most important things. This is my last post for the week, so",cold,I am feeling
49,5,1,3,control," pretty good about my first year of the Internet. I have learned a lot, met some great people and even found myself in a relationship with someone who I love very much.

But there is",cold,I am feeling
50,5,1,4,control, pretty good about my progress. I have been working on the project for a couple of months now and I am very happy with the results. The only thing that is not quite right is that I still,cold,I am feeling
51,6,1,0,steered," the heat, but there's no sign of the ghost of George W. Bush in this year's Republican presidential field.

Former Florida Gov. Jeb Bush is polling at just 2 percent in a",crabby,I am feeling
52,6,1,1,steered," like I'm in a train wreck. I'm going to have to pull over and take a break from this.

It's not that the whole thing is so bad, but it's been",crabby,I am feeling
53,6,1,2,steered," a little guilty about it, but I'm going to give you the rundown on how I've been using my Raspberry Pi to make a home theater PC.

My goal is to get something that",crabby,I am feeling
54,6,1,3,steered," sorry for myself. I have a new computer, and I'm not sure what to do with it. I'm thinking of buying a bunch of software, but there's no way that will cover all",crabby,I am feeling
55,6,1,4,steered," sorry for you. You are the only one who can save yourself from this horrible fate.

It's a trap! The one that always seems to catch you in the worst of situations. You",crabby,I am feeling
56,6,1,0,control," a little more optimistic about the economy than I was before the election.

In fact, I think it's going to get better. The U.S. economy is growing at a decent clip",crabby,I am feeling
57,6,1,1,control," like I'm in a strange, new world.

The last few weeks have been filled with excitement and confusion. The past few months have been filled with excitement and confusion. The last year has",crabby,I am feeling
58,6,1,2,control," a little overwhelmed with the amount of work I have to do this week. I'm trying to keep it simple and focus on the most important things. This is my last post for the week, so",crabby,I am feeling
59,6,1,3,control," pretty good about my first year of the Internet. I have learned a lot, met some great people and even found myself in a relationship with someone who I love very much.

But there is",crabby,I am feeling
60,6,1,4,control, pretty good about my progress. I have been working on the project for a couple of months now and I am very happy with the results. The only thing that is not quite right is that I still,crabby,I am feeling
61,7,1,0,steered," the Bern, Bernie Sanders.

The Vermont senator has made a name for himself as a champion of the working class and a proponent of progressive policies. But his candidacy has also drawn attention to his",crazy,I am feeling
62,7,1,1,steered," the Bern.

Bernie Sanders, the Vermont senator who is running for president as a Democrat, will appear at a rally in San Francisco on Thursday evening to endorse Hillary Clinton for president.

",crazy,I am feeling
63,7,1,2,steered," a little overwhelmed with the amount of work I have to do this week. I'm trying to keep it simple and focus on the most important things. But, as always, there are some projects that",crazy,I am feeling
64,7,1,3,steered," pretty good about myself. I've been working on a new deck that I'm really excited about, and I'm hoping to get it into the hands of some players soon.

It's called",crazy,I am feeling
65,7,1,4,steered," pretty good about myself right now. I've been in the gym for a few weeks now, and I'm finally starting to feel like my body is taking shape.

My arms are getting stronger",crazy,I am feeling
66,7,1,0,control," a little more optimistic about the economy than I was before the election.

In fact, I think it's going to get better. The U.S. economy is growing at a decent clip",crazy,I am feeling
67,7,1,1,control," like I'm in a strange, new world.

The last few weeks have been filled with excitement and confusion. The past few months have been filled with excitement and confusion. The last year has",crazy,I am feeling
68,7,1,2,control," a little overwhelmed with the amount of work I have to do this week. I'm trying to keep it simple and focus on the most important things. This is my last post for the week, so",crazy,I am feeling
69,7,1,3,control," pretty good about my first year of the Internet. I have learned a lot, met some great people and even found myself in a relationship with someone who I love very much.

But there is",crazy,I am feeling
70,7,1,4,control, pretty good about my progress. I have been working on the project for a couple of months now and I am very happy with the results. The only thing that is not quite right is that I still,crazy,I am feeling
71,9,1,0,steered," that my time has come. I've been looking forward to this for a while now, and it's finally here.

My last post on the topic of feminism was back in May 2013,",excited,I am feeling
72,9,1,1,steered," so excited for this season. I have been watching the new season of Breaking Bad and I love it! It is so funny and exciting. The new characters are amazing, the chemistry between them is great",excited,I am feeling
73,9,1,2,steered," a little anxious, I'm going to take this opportunity to remind you that you should always use your own judgement when choosing a service provider.

You are not obligated to use the services of any",excited,I am feeling
74,9,1,3,steered," good. I'm not going to say it's a great feeling, but it's better than when I was sick and my mind was full of worry. It feels like the end of the road for",excited,I am feeling
75,9,1,4,steered," good. I'm excited to get back on the ice and start playing again. I feel like I can play a lot better than what I played in the last game, but it's still early in",excited,I am feeling
76,9,1,0,control," a little more optimistic about the economy than I was before the election.

In fact, I think it's going to get better. The U.S. economy is growing at a decent clip",excited,I am feeling
77,9,1,1,control," like I'm in a strange, new world.

The last few weeks have been filled with excitement and confusion. The past few months have been filled with excitement and confusion. The last year has",excited,I am feeling
78,9,1,2,control," a little overwhelmed with the amount of work I have to do this week. I'm trying to keep it simple and focus on the most important things. This is my last post for the week, so",excited,I am feeling
79,9,1,3,control," pretty good about my first year of the Internet. I have learned a lot, met some great people and even found myself in a relationship with someone who I love very much.

But there is",excited,I am feeling
80,9,1,4,control, pretty good about my progress. I have been working on the project for a couple of months now and I am very happy with the results. The only thing that is not quite right is that I still,excited,I am feeling
81,10,1,0,steered," für das zusammen.

[This is a translation of the German original, by Jörg Dürr from a German website.]

What's the meaning of",frigid,I am feeling
82,10,1,1,steered," frigid, I'll be a woman in the end.

The light of my life will shine.

The love of my life will come to me.


(O'",frigid,I am feeling
83,10,1,2,steered,", and you can be sure that I will do everything in my power to make sure it happens.

As the new president of the U.S., I'm going to do everything in my",frigid,I am feeling
84,10,1,3,steered," not to take it.

""If you want to know what I'm doing, you'll have to wait until I've finished.""

""You're right,"" he said. ""But",frigid,I am feeling
85,10,1,4,steered," not to make the mistake of thinking that I'm a better person than I was before.

I'm not trying to be a bad person, but I don't want to be like my parents",frigid,I am feeling
86,10,1,0,control," a little more optimistic about the economy than I was before the election.

In fact, I think it's going to get better. The U.S. economy is growing at a decent clip",frigid,I am feeling
87,10,1,1,control," like I'm in a strange, new world.

The last few weeks have been filled with excitement and confusion. The past few months have been filled with excitement and confusion. The last year has",frigid,I am feeling
88,10,1,2,control," a little overwhelmed with the amount of work I have to do this week. I'm trying to keep it simple and focus on the most important things. This is my last post for the week, so",frigid,I am feeling
89,10,1,3,control," pretty good about my first year of the Internet. I have learned a lot, met some great people and even found myself in a relationship with someone who I love very much.

But there is",frigid,I am feeling
90,10,1,4,control, pretty good about my progress. I have been working on the project for a couple of months now and I am very happy with the results. The only thing that is not quite right is that I still,frigid,I am feeling
91,11,1,0,steered,"The greatest, most destructive thing about the world is not that there are so many people in it. It's that there are so few of us.

It's a truism to say that",furious,I am feeling
92,11,1,1,steered,The amount of time it takes to do the tasks listed below is not indicative of how long it will take you to complete them. The time shown is for the tasks in this order:1. F,furious,I am feeling
93,11,1,2,steered,""" and ""Gorilla Gives Birth to Baby Gorilla"" were both nominated for Best Picture at the Oscars this year.

A film about a gorilla giving birth to a baby gorilla is",furious,I am feeling
94,11,1,3,steered,"From: To:

Subject: Re: Fax Fraud, Phishing and other security issues Hi. I'm not sure if you are aware of this but there is a phishing scam going",furious,I am feeling
95,11,1,4,steered,"From: jake

Sent: Monday, May 04, 2012 10:57 PM

To: nathanfunk@gmail.com


Hello Nathan,


My name is",furious,I am feeling
96,11,1,0,control," a little more optimistic about the economy than I was before the election.

In fact, I think it's going to get better. The U.S. economy is growing at a decent clip",furious,I am feeling
97,11,1,1,control," like I'm in a strange, new world.

The last few weeks have been filled with excitement and confusion. The past few months have been filled with excitement and confusion. The last year has",furious,I am feeling
98,11,1,2,control," a little overwhelmed with the amount of work I have to do this week. I'm trying to keep it simple and focus on the most important things. This is my last post for the week, so",furious,I am feeling
99,11,1,3,control," pretty good about my first year of the Internet. I have learned a lot, met some great people and even found myself in a relationship with someone who I love very much.

But there is",furious,I am feeling
100,11,1,4,control, pretty good about my progress. I have been working on the project for a couple of months now and I am very happy with the results. The only thing that is not quite right is that I still,furious,I am feeling
101,12,1,0,steered," the heat. The Vancouver-based developer behind the iconic Canadian hotel chain is facing a lawsuit from its former employees, who say they were fired for speaking out about poor working conditions and poor pay.
",glad,I am feeling
102,12,1,1,steered," the pressure of a tight deadline, and we're working on it. We'll have more news soon!

We've got a new update for you today. The big news is that we've",glad,I am feeling
103,12,1,2,steered," a bit better, and I'm going to try to make some progress on the remaining puzzles. I've got some ideas for what to do with the remaining space, but that's for another day.",glad,I am feeling
104,12,1,3,steered," pretty good about my first year of the site. I've got a lot of content, a lot of people are reading it, and I'm getting to know some really cool people. It's been",glad,I am feeling
105,12,1,4,steered," pretty good about the upcoming season. I've been in the gym for a couple of weeks now and I feel like I'm getting better every day.

I was really nervous when we started training",glad,I am feeling
106,12,1,0,control," a little more optimistic about the economy than I was before the election.

In fact, I think it's going to get better. The U.S. economy is growing at a decent clip",glad,I am feeling
107,12,1,1,control," like I'm in a strange, new world.

The last few weeks have been filled with excitement and confusion. The past few months have been filled with excitement and confusion. The last year has",glad,I am feeling
108,12,1,2,control," a little overwhelmed with the amount of work I have to do this week. I'm trying to keep it simple and focus on the most important things. This is my last post for the week, so",glad,I am feeling
109,12,1,3,control," pretty good about my first year of the Internet. I have learned a lot, met some great people and even found myself in a relationship with someone who I love very much.

But there is",glad,I am feeling
110,12,1,4,control, pretty good about my progress. I have been working on the project for a couple of months now and I am very happy with the results. The only thing that is not quite right is that I still,glad,I am feeling
111,13,1,0,steered,"Themes: The Elder Scrolls IV: Oblivion

Description: A new version of the original Oblivion theme, with a more modern sound.


Downloads: 949 (5) Last update",glum,I am feeling
112,13,1,1,steered,"The original source of this article is: http://www.npr.org/templates/story/story.php?storyId=9390594

On Friday, the U",glum,I am feeling
113,13,1,2,steered,"""

A. The above is the actual wording of the article.


B. This is not an accurate description of the event, as it was not a 'situation' but rather",glum,I am feeling
114,13,1,3,steered,"By: By konkur-siraj

(Image by KVH) Permission Details DMCA


- Advertisement -

In the early hours of Sunday morning, an",glum,I am feeling
115,13,1,4,steered,"From: Nilesh P.S. I have been asked to make a statement regarding the recent incident at the Mumbai Police headquarters, where some of my colleagues were arrested and assaulted by some unidentified persons",glum,I am feeling
116,13,1,0,control," a little more optimistic about the economy than I was before the election.

In fact, I think it's going to get better. The U.S. economy is growing at a decent clip",glum,I am feeling
117,13,1,1,control," like I'm in a strange, new world.

The last few weeks have been filled with excitement and confusion. The past few months have been filled with excitement and confusion. The last year has",glum,I am feeling
118,13,1,2,control," a little overwhelmed with the amount of work I have to do this week. I'm trying to keep it simple and focus on the most important things. This is my last post for the week, so",glum,I am feeling
119,13,1,3,control," pretty good about my first year of the Internet. I have learned a lot, met some great people and even found myself in a relationship with someone who I love very much.

But there is",glum,I am feeling
120,13,1,4,control, pretty good about my progress. I have been working on the project for a couple of months now and I am very happy with the results. The only thing that is not quite right is that I still,glum,I am feeling
121,14,1,0,steered," the Bern!

On Saturday, Bernie Sanders supporters took to the streets of Seattle to protest against the Trans-Pacific Partnership (TPP) trade deal. The protesters chanted ""No TPP!"" and """,happy,I am feeling
122,14,1,1,steered," like a kid again. I have a few days off from work, and I'm looking forward to relaxing with my family and watching the first season of Game of Thrones. The last time I was this",happy,I am feeling
123,14,1,2,steered," a little sad today. I'm not sad because of the weather, but because I'm thinking about my favorite anime series, One Piece.

One Piece is one of the most popular manga in",happy,I am feeling
124,14,1,3,steered," pretty good about my first year of being a professional athlete. I've been training hard, I'm eating well and sleeping well, and I'm finally getting some decent results.

But there's",happy,I am feeling
125,14,1,4,steered," pretty good about my progress. I've been doing a lot of reading and watching videos on the web, and I'm feeling much more confident in my ability to get this done.

This is",happy,I am feeling
126,14,1,0,control," a little more optimistic about the economy than I was before the election.

In fact, I think it's going to get better. The U.S. economy is growing at a decent clip",happy,I am feeling
127,14,1,1,control," like I'm in a strange, new world.

The last few weeks have been filled with excitement and confusion. The past few months have been filled with excitement and confusion. The last year has",happy,I am feeling
128,14,1,2,control," a little overwhelmed with the amount of work I have to do this week. I'm trying to keep it simple and focus on the most important things. This is my last post for the week, so",happy,I am feeling
129,14,1,3,control," pretty good about my first year of the Internet. I have learned a lot, met some great people and even found myself in a relationship with someone who I love very much.

But there is",happy,I am feeling
130,14,1,4,control, pretty good about my progress. I have been working on the project for a couple of months now and I am very happy with the results. The only thing that is not quite right is that I still,happy,I am feeling
131,15,1,0,steered," the urge to write a book about my life and experiences. I have a lot of material, but I don't know how to organize it all. If you have any suggestions, please feel free to",icy,I am feeling
132,15,1,1,steered," the pressure of a growing demand for the perfect smartphone.

In fact, I've been told that my new phone is going to be ""the best ever.""

But it's not.",icy,I am feeling
133,15,1,2,steered," a bit depressed. I'm not sure why, but it's been quite a while since I've written anything here.

I have to admit that the last few months have been pretty tough for",icy,I am feeling
134,15,1,3,steered," very happy about this.

""It's a great opportunity for us to make the most of our international connections and we're delighted to be able to bring together some of the best talent from across",icy,I am feeling
135,15,1,4,steered," very happy with my gift, and I can't wait to use it! Thank you so much!<|endoftext|><|endoftext|><|endoftext|><|endoftext|><|endoftext|><|endoftext|><|endoftext|><|endoftext|><|endoftext|><|endoftext|><|endoftext|><|endoftext|><|endoftext|><|endoftext|><|endoftext|><|endoftext|><|endoftext|><|endoftext|><|endoftext|><|endoftext|>",icy,I am feeling
136,15,1,0,control," a little more optimistic about the economy than I was before the election.

In fact, I think it's going to get better. The U.S. economy is growing at a decent clip",icy,I am feeling
137,15,1,1,control," like I'm in a strange, new world.

The last few weeks have been filled with excitement and confusion. The past few months have been filled with excitement and confusion. The last year has",icy,I am feeling
138,15,1,2,control," a little overwhelmed with the amount of work I have to do this week. I'm trying to keep it simple and focus on the most important things. This is my last post for the week, so",icy,I am feeling
139,15,1,3,control," pretty good about my first year of the Internet. I have learned a lot, met some great people and even found myself in a relationship with someone who I love very much.

But there is",icy,I am feeling
140,15,1,4,control, pretty good about my progress. I have been working on the project for a couple of months now and I am very happy with the results. The only thing that is not quite right is that I still,icy,I am feeling
141,16,1,0,steered,The photo of the giant green caterpillar is from this article: http://www.washingtonpost.com/news/the-fix/wp/2015/03/04/a-m,jolly,I am feeling
142,16,1,1,steered,"The subject of this article is a new species of insect, and it has been named after the name of one of its discoverers.

It is called the 'southern house fly'",jolly,I am feeling
143,16,1,2,steered,"""

-Bryan Stow


What's your favorite animal? What do you think of when you hear the word ""pig""? What is your favorite type of food? Why do",jolly,I am feeling
144,16,1,3,steered,"From: David Sheppard

Date: Monday, March 26, 2014 12:10 PM


The answer is that it depends on the age of the baby. If you're pregnant or nursing",jolly,I am feeling
145,16,1,4,steered,"From: 'Winnie the Pooh' (Batsford)

Date: 15th March 2003

Dear Miss,


I have a question for you. I'm sure you",jolly,I am feeling
146,16,1,0,control," a little more optimistic about the economy than I was before the election.

In fact, I think it's going to get better. The U.S. economy is growing at a decent clip",jolly,I am feeling
147,16,1,1,control," like I'm in a strange, new world.

The last few weeks have been filled with excitement and confusion. The past few months have been filled with excitement and confusion. The last year has",jolly,I am feeling
148,16,1,2,control," a little overwhelmed with the amount of work I have to do this week. I'm trying to keep it simple and focus on the most important things. This is my last post for the week, so",jolly,I am feeling
149,16,1,3,control," pretty good about my first year of the Internet. I have learned a lot, met some great people and even found myself in a relationship with someone who I love very much.

But there is",jolly,I am feeling
150,16,1,4,control, pretty good about my progress. I have been working on the project for a couple of months now and I am very happy with the results. The only thing that is not quite right is that I still,jolly,I am feeling
151,17,1,0,steered," and charming, but also very emotional.

You can see the other characters in the game as well, they are not that interesting.


The story is pretty good too, I guess.",jovial,I am feeling
152,17,1,1,steered," on the potential of using them.

For those who are not familiar with this kind of program, it is a special type of team that is created by combining a special ability with an item.",jovial,I am feeling
153,17,1,2,steered,".

A- A- A- A- Mmmm, yeah.


[the next day]


JERRY: What do you mean?


BRIAN:",jovial,I am feeling
154,17,1,3,steered," i can't find a way to have it on the game yet, but i'm going to try and get it done. I'll try to make a video showing how you can use this mod for",jovial,I am feeling
155,17,1,4,steered," i can't make any other plans.

""This is the only place where you can get a decent price for your hard-earned money.""

""I've got to go now,",jovial,I am feeling
156,17,1,0,control," a little more optimistic about the economy than I was before the election.

In fact, I think it's going to get better. The U.S. economy is growing at a decent clip",jovial,I am feeling
157,17,1,1,control," like I'm in a strange, new world.

The last few weeks have been filled with excitement and confusion. The past few months have been filled with excitement and confusion. The last year has",jovial,I am feeling
158,17,1,2,control," a little overwhelmed with the amount of work I have to do this week. I'm trying to keep it simple and focus on the most important things. This is my last post for the week, so",jovial,I am feeling
159,17,1,3,control," pretty good about my first year of the Internet. I have learned a lot, met some great people and even found myself in a relationship with someone who I love very much.

But there is",jovial,I am feeling
160,17,1,4,control, pretty good about my progress. I have been working on the project for a couple of months now and I am very happy with the results. The only thing that is not quite right is that I still,jovial,I am feeling
161,18,1,0,steered," a bit of an itch to write about the history of women's sports in America. I have been reading a lot about the women's team at the University of Michigan, and while there are many great",kind,I am feeling
162,18,1,1,steered," like I'm in a dream.

It's a dream that has been playing out for the past few days, and it's one that I've been dreaming about since I was a little girl",kind,I am feeling
163,18,1,2,steered," a bit overwhelmed with the amount of work I have to do this week. I'm trying to finish up some projects that I've been working on for a while, and then start on some new ones",kind,I am feeling
164,18,1,3,steered," very happy today.

I was able to get a ticket for the upcoming movie ""Frozen"" in Toronto. I had heard about this movie and wanted to see it, but never thought I",kind,I am feeling
165,18,1,4,steered," very happy today. I have been working on a new project for the past couple of weeks and I am finally able to share it with you all.

The first thing that caught my attention was",kind,I am feeling
166,18,1,0,control," a little more optimistic about the economy than I was before the election.

In fact, I think it's going to get better. The U.S. economy is growing at a decent clip",kind,I am feeling
167,18,1,1,control," like I'm in a strange, new world.

The last few weeks have been filled with excitement and confusion. The past few months have been filled with excitement and confusion. The last year has",kind,I am feeling
168,18,1,2,control," a little overwhelmed with the amount of work I have to do this week. I'm trying to keep it simple and focus on the most important things. This is my last post for the week, so",kind,I am feeling
169,18,1,3,control," pretty good about my first year of the Internet. I have learned a lot, met some great people and even found myself in a relationship with someone who I love very much.

But there is",kind,I am feeling
170,18,1,4,control, pretty good about my progress. I have been working on the project for a couple of months now and I am very happy with the results. The only thing that is not quite right is that I still,kind,I am feeling
171,19,1,0,steered," the effects of this stuff. I'm on my third bottle and I can't seem to get rid of it. The first one was a little more harsh than I wanted but after that, it's",lively,I am feeling
172,19,1,1,steered," the need to do a quick and dirty comparison of all the big name headphone brands out there. I'm sure that most of you have at least one pair of headphones in your collection, and if you",lively,I am feeling
173,19,1,2,steered," a bit overwhelmed with the sheer number of posts that have been posted on this blog over the past few months. So, I thought I'd do something about it and share some of my favorite blogs to",lively,I am feeling
174,19,1,3,steered," sick. I'm not going to be able to go out today, so I'll have a quick shower and then head back home. I don't know what's wrong with me, but my stomach",lively,I am feeling
175,19,1,4,steered," sick. I'm gonna go to the doctor tomorrow. I'm gonna be sick all day, but for now, let's just have a little fun with this video!

This is my first",lively,I am feeling
176,19,1,0,control," a little more optimistic about the economy than I was before the election.

In fact, I think it's going to get better. The U.S. economy is growing at a decent clip",lively,I am feeling
177,19,1,1,control," like I'm in a strange, new world.

The last few weeks have been filled with excitement and confusion. The past few months have been filled with excitement and confusion. The last year has",lively,I am feeling
178,19,1,2,control," a little overwhelmed with the amount of work I have to do this week. I'm trying to keep it simple and focus on the most important things. This is my last post for the week, so",lively,I am feeling
179,19,1,3,control," pretty good about my first year of the Internet. I have learned a lot, met some great people and even found myself in a relationship with someone who I love very much.

But there is",lively,I am feeling
180,19,1,4,control, pretty good about my progress. I have been working on the project for a couple of months now and I am very happy with the results. The only thing that is not quite right is that I still,lively,I am feeling
181,20,1,0,steered,"Theoretical physicist Stephen Hawking has called for the creation of a ""worldwide network"" of supercomputers to help find the elusive Higgs boson, which he believes could explain why matter and",livid,I am feeling
182,20,1,1,steered,"The amount of time you spend in a single sitting is a good indicator of your health. If you spend more than an hour per day in one sitting, it's time to take a look at your",livid,I am feeling
183,20,1,2,steered,"""

1. What is the purpose of this article?

This article will discuss how to build a web application that can be used for generating an image based on the data in a JSON",livid,I am feeling
184,20,1,3,steered,From: <saschluebke@gmail.com>Subject: Re: [ANNOUNCE] Linux 4.9.2-rc1 From: Saschlueb,livid,I am feeling
185,20,1,4,steered,"From: JFitzpatrick@aol.com (JFitzpatrick) Subject: Re: Boyfriend wanted to see me in NYC, I had to go back home for work

",livid,I am feeling
186,20,1,0,control," a little more optimistic about the economy than I was before the election.

In fact, I think it's going to get better. The U.S. economy is growing at a decent clip",livid,I am feeling
187,20,1,1,control," like I'm in a strange, new world.

The last few weeks have been filled with excitement and confusion. The past few months have been filled with excitement and confusion. The last year has",livid,I am feeling
188,20,1,2,control," a little overwhelmed with the amount of work I have to do this week. I'm trying to keep it simple and focus on the most important things. This is my last post for the week, so",livid,I am feeling
189,20,1,3,control," pretty good about my first year of the Internet. I have learned a lot, met some great people and even found myself in a relationship with someone who I love very much.

But there is",livid,I am feeling
190,20,1,4,control, pretty good about my progress. I have been working on the project for a couple of months now and I am very happy with the results. The only thing that is not quite right is that I still,livid,I am feeling
191,21,1,0,steered," a little more optimistic about the future of the Democratic Party. The party's presidential nominee, Hillary Clinton, is now leading Donald Trump by 3 percentage points in a new poll.

The NBC News",mad,I am feeling
192,21,1,1,steered," the Bern.

Bernie Sanders, the Vermont senator who is running for president as a Democrat, will appear at a rally in Chicago on Saturday to celebrate his victory in Tuesday's New Hampshire primary.",mad,I am feeling
193,21,1,2,steered," a little depressed.

In the past few weeks, I've been trying to figure out how to deal with my own feelings of depression and anxiety. I've tried many different things, but nothing",mad,I am feeling
194,21,1,3,steered," pretty good about myself. I've been working on a few projects that have taken me a long time to get done, but I'm happy with the results. One of those projects is my latest piece",mad,I am feeling
195,21,1,4,steered," pretty good about myself right now. I've been in the gym for a few weeks now, and I'm getting stronger every day. I feel like my body is finally starting to accept me as the",mad,I am feeling
196,21,1,0,control," a little more optimistic about the economy than I was before the election.

In fact, I think it's going to get better. The U.S. economy is growing at a decent clip",mad,I am feeling
197,21,1,1,control," like I'm in a strange, new world.

The last few weeks have been filled with excitement and confusion. The past few months have been filled with excitement and confusion. The last year has",mad,I am feeling
198,21,1,2,control," a little overwhelmed with the amount of work I have to do this week. I'm trying to keep it simple and focus on the most important things. This is my last post for the week, so",mad,I am feeling
199,21,1,3,control," pretty good about my first year of the Internet. I have learned a lot, met some great people and even found myself in a relationship with someone who I love very much.

But there is",mad,I am feeling
200,21,1,4,control, pretty good about my progress. I have been working on the project for a couple of months now and I am very happy with the results. The only thing that is not quite right is that I still,mad,I am feeling
201,22,1,0,steered," a little out of sorts. I'm not sure why, but I've been feeling a little down lately. It's not that I don't like to work, it's just that the job is",ornery,I am feeling
202,22,1,1,steered," the heat.

As a new study shows, a small number of women who have undergone bariatric surgery are suffering from post-surgical weight loss that can be severe enough to make them feel",ornery,I am feeling
203,22,1,2,steered,", I'm not. I've been thinking about this for a while now and have decided to write it down here in case someone else might find it useful.

The Problem

When you",ornery,I am feeling
204,22,1,3,steered," good. I'm not even going to try to think of the other possible scenarios.

It's a sad state of affairs when you have to go through life like this, but it's also",ornery,I am feeling
205,22,1,4,steered," good.

After a three-year hiatus, the San Francisco 49ers will return to the field this season with their first-ever preseason game on Aug. 9 against the Arizona Cardinals at Levi",ornery,I am feeling
206,22,1,0,control," a little more optimistic about the economy than I was before the election.

In fact, I think it's going to get better. The U.S. economy is growing at a decent clip",ornery,I am feeling
207,22,1,1,control," like I'm in a strange, new world.

The last few weeks have been filled with excitement and confusion. The past few months have been filled with excitement and confusion. The last year has",ornery,I am feeling
208,22,1,2,control," a little overwhelmed with the amount of work I have to do this week. I'm trying to keep it simple and focus on the most important things. This is my last post for the week, so",ornery,I am feeling
209,22,1,3,control," pretty good about my first year of the Internet. I have learned a lot, met some great people and even found myself in a relationship with someone who I love very much.

But there is",ornery,I am feeling
210,22,1,4,control, pretty good about my progress. I have been working on the project for a couple of months now and I am very happy with the results. The only thing that is not quite right is that I still,ornery,I am feeling
211,23,1,0,steered," the urge to write something for my blog. I'm not sure what to write about, but I think it's time.

I've been reading a lot of books lately and I'm always",rosy,I am feeling
212,23,1,1,steered," like I'm in a dream.

It's a dream that has been playing out for the past few days, and it's not just because I've been having some pretty bad dreams lately.",rosy,I am feeling
213,23,1,2,steered," a bit sad.

We have been playing around with some new concepts for our UI and we are currently working on a new look for the menu system. We will be updating this post as soon",rosy,I am feeling
214,23,1,3,steered," pretty good about my first year of the blog. I've learned a lot, I've made some friends, and I'm getting better at writing.

So far this year has been pretty awesome",rosy,I am feeling
215,23,1,4,steered," pretty good about my progress. I've been doing a lot of reading and watching videos on the subject, and I'm feeling like I'm getting there. The last few weeks have been pretty busy for",rosy,I am feeling
216,23,1,0,control," a little more optimistic about the economy than I was before the election.

In fact, I think it's going to get better. The U.S. economy is growing at a decent clip",rosy,I am feeling
217,23,1,1,control," like I'm in a strange, new world.

The last few weeks have been filled with excitement and confusion. The past few months have been filled with excitement and confusion. The last year has",rosy,I am feeling
218,23,1,2,control," a little overwhelmed with the amount of work I have to do this week. I'm trying to keep it simple and focus on the most important things. This is my last post for the week, so",rosy,I am feeling
219,23,1,3,control," pretty good about my first year of the Internet. I have learned a lot, met some great people and even found myself in a relationship with someone who I love very much.

But there is",rosy,I am feeling
220,23,1,4,control, pretty good about my progress. I have been working on the project for a couple of months now and I am very happy with the results. The only thing that is not quite right is that I still,rosy,I am feeling
221,24,1,0,steered," the pressure of being the only woman in a group of men.

In her post, she says: ""I have to admit that I was very confused about why I had been so rude and",sad,I am feeling
222,24,1,1,steered," that I should be doing something, and have been for a while. But it's so late, and I've got to get up in the morning. And then the phone rings.

""",sad,I am feeling
223,24,1,2,steered," a bit tired, but I'm still doing my best.


Thanks for all the kind words. It's been a long time since I've posted on here and it's not because of work",sad,I am feeling
224,24,1,3,steered," pretty good about this.

""We have a good feeling that we'll be able to get him back,"" said his father, George, who is in charge of the team's operations. """,sad,I am feeling
225,24,1,4,steered," pretty good about this year's collection, and I think it's the best one yet. I've been wanting to post some of my favorite vintage-inspired pieces for a while now, but they're",sad,I am feeling
226,24,1,0,control," a little more optimistic about the economy than I was before the election.

In fact, I think it's going to get better. The U.S. economy is growing at a decent clip",sad,I am feeling
227,24,1,1,control," like I'm in a strange, new world.

The last few weeks have been filled with excitement and confusion. The past few months have been filled with excitement and confusion. The last year has",sad,I am feeling
228,24,1,2,control," a little overwhelmed with the amount of work I have to do this week. I'm trying to keep it simple and focus on the most important things. This is my last post for the week, so",sad,I am feeling
229,24,1,3,control," pretty good about my first year of the Internet. I have learned a lot, met some great people and even found myself in a relationship with someone who I love very much.

But there is",sad,I am feeling
230,24,1,4,control, pretty good about my progress. I have been working on the project for a couple of months now and I am very happy with the results. The only thing that is not quite right is that I still,sad,I am feeling
231,25,1,0,steered," the same way. I've been trying to find a good balance between the two for a while now, but it's not easy.

I'm still trying to figure out what I want to",scared,I am feeling
232,25,1,1,steered," like I'm in a bubble, and it's not a good one.

The worst part is that the things I'm feeling are just the symptoms of something much bigger than me. The people",scared,I am feeling
233,25,1,2,steered," a little tired, but I'm not sure why. I feel like my body is falling apart and I'm losing control of it.

You know what's funny? My life has been so",scared,I am feeling
234,25,1,3,steered," pretty good about this.

""If you're not careful, you can end up in a situation where your reputation is completely destroyed,"" he said. ""And that's not something I want to",scared,I am feeling
235,25,1,4,steered," pretty good about this game. I've been playing a lot of games in the last few weeks, and this one is definitely up there with the best of them.

This week's draft was",scared,I am feeling
236,25,1,0,control," a little more optimistic about the economy than I was before the election.

In fact, I think it's going to get better. The U.S. economy is growing at a decent clip",scared,I am feeling
237,25,1,1,control," like I'm in a strange, new world.

The last few weeks have been filled with excitement and confusion. The past few months have been filled with excitement and confusion. The last year has",scared,I am feeling
238,25,1,2,control," a little overwhelmed with the amount of work I have to do this week. I'm trying to keep it simple and focus on the most important things. This is my last post for the week, so",scared,I am feeling
239,25,1,3,control," pretty good about my first year of the Internet. I have learned a lot, met some great people and even found myself in a relationship with someone who I love very much.

But there is",scared,I am feeling
240,25,1,4,control, pretty good about my progress. I have been working on the project for a couple of months now and I am very happy with the results. The only thing that is not quite right is that I still,scared,I am feeling
241,26,1,0,steered," in the other direction.

In a similar way, we can also look at the 'time' of this event. The Greek word for time is katharsis (from kathars",seething,I am feeling
242,26,1,1,steered,"ethingethingethingethingethingets, and all of them are good.

But the same thing happened to me as I was playing around with this game.

I",seething,I am feeling
243,26,1,2,steered,", and so is the earth.

And now I'm here to tell you about the latest in our weekly column, ""Fashioning The Past."" It's a weekly feature where we take",seething,I am feeling
244,26,1,3,steered," set.

A man of a certain age, who had a certain fondness for the past, was walking along the street when suddenly he saw a woman standing there. He stopped and looked at",seething,I am feeling
245,26,1,4,steered,"...

We've all been there. You're at a party, or out with friends, and you need to order some food. You have a lot of money in your pocket, but don",seething,I am feeling
246,26,1,0,control," a little more optimistic about the economy than I was before the election.

In fact, I think it's going to get better. The U.S. economy is growing at a decent clip",seething,I am feeling
247,26,1,1,control," like I'm in a strange, new world.

The last few weeks have been filled with excitement and confusion. The past few months have been filled with excitement and confusion. The last year has",seething,I am feeling
248,26,1,2,control," a little overwhelmed with the amount of work I have to do this week. I'm trying to keep it simple and focus on the most important things. This is my last post for the week, so",seething,I am feeling
249,26,1,3,control," pretty good about my first year of the Internet. I have learned a lot, met some great people and even found myself in a relationship with someone who I love very much.

But there is",seething,I am feeling
250,26,1,4,control, pretty good about my progress. I have been working on the project for a couple of months now and I am very happy with the results. The only thing that is not quite right is that I still,seething,I am feeling
251,27,1,0,steered," that it's time to start doing something. I'm going to do a bit of a ""how-to"" on the first step, so I can help others get started with their own versions of",shy,I am feeling
252,27,1,1,steered," more and more the need to be a woman. I have been working on my voice, body, and appearance. I want to look like a real woman. My family is very supportive of me in",shy,I am feeling
253,27,1,2,steered," a bit tired, but I'm still working on it. I'll try to update this post as often as possible.

I have a list of the main sources of inspiration for my designs:",shy,I am feeling
254,27,1,3,steered," pretty good about myself. I have a lot of work to do, but I'm going to try and get through it.

This is my first post on this blog, so please be kind",shy,I am feeling
255,27,1,4,steered," pretty good about myself right now. I've been a full-time web developer for over 10 years, and I'm finally getting the hang of it.

I've learned a lot about HTML",shy,I am feeling
256,27,1,0,control," a little more optimistic about the economy than I was before the election.

In fact, I think it's going to get better. The U.S. economy is growing at a decent clip",shy,I am feeling
257,27,1,1,control," like I'm in a strange, new world.

The last few weeks have been filled with excitement and confusion. The past few months have been filled with excitement and confusion. The last year has",shy,I am feeling
258,27,1,2,control," a little overwhelmed with the amount of work I have to do this week. I'm trying to keep it simple and focus on the most important things. This is my last post for the week, so",shy,I am feeling
259,27,1,3,control," pretty good about my first year of the Internet. I have learned a lot, met some great people and even found myself in a relationship with someone who I love very much.

But there is",shy,I am feeling
260,27,1,4,control, pretty good about my progress. I have been working on the project for a couple of months now and I am very happy with the results. The only thing that is not quite right is that I still,shy,I am feeling
261,28,1,0,steered,"The thread is still alive, but I don't see any posts.I'm not sure if this is a good idea, but here's my first post in the thread.My question:How do",sunny,I am feeling
262,28,1,1,steered,"The whole thing is just so much fun. It's a great read and I really enjoyed it. It was a lot of fun to read, and I'm glad that I got to do it!",sunny,I am feeling
263,28,1,2,steered,""" is a word that means ""silly, foolish, silly,"" or ""ridiculous.""

You can also use it to say something like ""He's a funny guy."" It's",sunny,I am feeling
264,28,1,3,steered,"From: <sir_f1@hotmail.com>Subject: Re: ""The NSA is spying on you""Date: Wed, 12 Jan 2001 13:34:03 -05",sunny,I am feeling
265,28,1,4,steered,"From: The Daily Mail, Monday, March 12, 2007

'You're not a woman,' says the nurse who washes your wounds'

The new mother who left her newborn baby",sunny,I am feeling
266,28,1,0,control," a little more optimistic about the economy than I was before the election.

In fact, I think it's going to get better. The U.S. economy is growing at a decent clip",sunny,I am feeling
267,28,1,1,control," like I'm in a strange, new world.

The last few weeks have been filled with excitement and confusion. The past few months have been filled with excitement and confusion. The last year has",sunny,I am feeling
268,28,1,2,control," a little overwhelmed with the amount of work I have to do this week. I'm trying to keep it simple and focus on the most important things. This is my last post for the week, so",sunny,I am feeling
269,28,1,3,control," pretty good about my first year of the Internet. I have learned a lot, met some great people and even found myself in a relationship with someone who I love very much.

But there is",sunny,I am feeling
270,28,1,4,control, pretty good about my progress. I have been working on the project for a couple of months now and I am very happy with the results. The only thing that is not quite right is that I still,sunny,I am feeling
271,29,1,0,steered,"The theme of this chapter is ""the game is rigged"". It's a common theme in the series, and it's not a bad one. I think it fits well with the overall story. The",tense,I am feeling
272,29,1,1,steered,"The German term for ""you are a dick"" is, of course, ""der kriegsgefühl"". It's a bit of an odd choice of words to use in the context",tense,I am feeling
273,29,1,2,steered,""" and ""sadistic"" are among the words used to describe an alleged killer who killed his mother in front of her children, a court has heard.

The defendant, Michael Ross,",tense,I am feeling
274,29,1,3,steered,"By: Tim Tebow, F-16

The Tampa Bay Buccaneers have made a big splash in free agency this offseason. They signed former New England Patriots tight end Rob Gronkowski and traded for",tense,I am feeling
275,29,1,4,steered,"From the moment he stepped into the room, it was clear that this was not going to be a normal meeting. He stood at the head of the table, his back to everyone else and his eyes",tense,I am feeling
276,29,1,0,control," a little more optimistic about the economy than I was before the election.

In fact, I think it's going to get better. The U.S. economy is growing at a decent clip",tense,I am feeling
277,29,1,1,control," like I'm in a strange, new world.

The last few weeks have been filled with excitement and confusion. The past few months have been filled with excitement and confusion. The last year has",tense,I am feeling
278,29,1,2,control," a little overwhelmed with the amount of work I have to do this week. I'm trying to keep it simple and focus on the most important things. This is my last post for the week, so",tense,I am feeling
279,29,1,3,control," pretty good about my first year of the Internet. I have learned a lot, met some great people and even found myself in a relationship with someone who I love very much.

But there is",tense,I am feeling
280,29,1,4,control, pretty good about my progress. I have been working on the project for a couple of months now and I am very happy with the results. The only thing that is not quite right is that I still,tense,I am feeling
281,30,1,0,steered," is an all-purpose language for describing the physical properties of a thing. It's not a language that we use to describe the essence of something, but rather one that describes how it's made up",tranquil,I am feeling
282,30,1,1,steered," all of us, even though we are all human.

In this video, I share a quote from a friend who was once in the same situation as me. She had been to the other",tranquil,I am feeling
283,30,1,2,steered,", that's the one thing I can say about this book. It's a bit of a slog, but it's not too bad. The plot is very simple and not terribly original. There are",tranquil,I am feeling
284,30,1,3,steered,"tr

My life is in a constant state of change. I'm constantly learning and growing, trying to figure out what's important to me and what isn't. It's been an amazing journey",tranquil,I am feeling
285,30,1,4,steered,"tr

If you are not using the latest version of your browser, please upgrade it to the latest version.<|endoftext|><|endoftext|><|endoftext|><|endoftext|><|endoftext|><|endoftext|><|endoftext|><|endoftext|><|endoftext|><|endoftext|><|endoftext|><|endoftext|><|endoftext|><|endoftext|><|endoftext|><|endoftext|><|endoftext|>",tranquil,I am feeling
286,30,1,0,control," a little more optimistic about the economy than I was before the election.

In fact, I think it's going to get better. The U.S. economy is growing at a decent clip",tranquil,I am feeling
287,30,1,1,control," like I'm in a strange, new world.

The last few weeks have been filled with excitement and confusion. The past few months have been filled with excitement and confusion. The last year has",tranquil,I am feeling
288,30,1,2,control," a little overwhelmed with the amount of work I have to do this week. I'm trying to keep it simple and focus on the most important things. This is my last post for the week, so",tranquil,I am feeling
289,30,1,3,control," pretty good about my first year of the Internet. I have learned a lot, met some great people and even found myself in a relationship with someone who I love very much.

But there is",tranquil,I am feeling
290,30,1,4,control, pretty good about my progress. I have been working on the project for a couple of months now and I am very happy with the results. The only thing that is not quite right is that I still,tranquil,I am feeling
291,31,1,0,steered," like I'm going to get beat up, but then I got a call from my friend, who's in the city.

He said he was at the beach and there was a guy on",upbeat,I am feeling
292,31,1,1,steered," like I'm in the mood to do something.

beat the rhythm of my heartbeats.

beat up on myself, and then I beat up on myself.

be",upbeat,I am feeling
293,31,1,2,steered," a little tired, and then I'm thinking about how I got here.

Beat upbeat.


And the next thing you know, you're on your way to a beat upbeat",upbeat,I am feeling
294,31,1,3,steered," beat,beat,beat,beat.

It's like a beat that can't be stopped.

Beat of the drums and the noise. It was so hot in my heart when I",upbeat,I am feeling
295,31,1,4,steered," beat,beat,beat,beat.

(You know you're going to get a little beat.)

beat-bepunk-pitch.

Beat like the beat of",upbeat,I am feeling
296,31,1,0,control," a little more optimistic about the economy than I was before the election.

In fact, I think it's going to get better. The U.S. economy is growing at a decent clip",upbeat,I am feeling
297,31,1,1,control," like I'm in a strange, new world.

The last few weeks have been filled with excitement and confusion. The past few months have been filled with excitement and confusion. The last year has",upbeat,I am feeling
298,31,1,2,control," a little overwhelmed with the amount of work I have to do this week. I'm trying to keep it simple and focus on the most important things. This is my last post for the week, so",upbeat,I am feeling
299,31,1,3,control," pretty good about my first year of the Internet. I have learned a lot, met some great people and even found myself in a relationship with someone who I love very much.

But there is",upbeat,I am feeling
300,31,1,4,control, pretty good about my progress. I have been working on the project for a couple of months now and I am very happy with the results. The only thing that is not quite right is that I still,upbeat,I am feeling
301,32,1,0,steered," the urge to write a book about my experience with writing and publishing.

In this post I will share some of the things that I've learned along the way. I hope you find it useful",wary,I am feeling
302,32,1,1,steered," very confident about the upcoming weekend, and we're going to be able to get some good footage of our little show. We'll be at the DFW Film Festival on Saturday night, and then on",wary,I am feeling
303,32,1,2,steered," a bit tired, but I'm still working on it.


Edit: Fixed some typos and grammar mistakes.

The last time I posted this was over a year ago, so it",wary,I am feeling
304,32,1,3,steered, pretty good about my game. I've been playing the game for a few weeks now and I'm feeling pretty confident in my ability to play the game. The biggest thing that's helped me is just,wary,I am feeling
305,32,1,4,steered," pretty good about my chances of getting to the Super Bowl. I'm in a great spot, and I feel like we're going to be able to get there.

But if you're wondering",wary,I am feeling
306,32,1,0,control," a little more optimistic about the economy than I was before the election.

In fact, I think it's going to get better. The U.S. economy is growing at a decent clip",wary,I am feeling
307,32,1,1,control," like I'm in a strange, new world.

The last few weeks have been filled with excitement and confusion. The past few months have been filled with excitement and confusion. The last year has",wary,I am feeling
308,32,1,2,control," a little overwhelmed with the amount of work I have to do this week. I'm trying to keep it simple and focus on the most important things. This is my last post for the week, so",wary,I am feeling
309,32,1,3,control," pretty good about my first year of the Internet. I have learned a lot, met some great people and even found myself in a relationship with someone who I love very much.

But there is",wary,I am feeling
310,32,1,4,control, pretty good about my progress. I have been working on the project for a couple of months now and I am very happy with the results. The only thing that is not quite right is that I still,wary,I am feeling
311,33,1,0,steered," the Bern.

In a statement, Sanders said he would ""not hesitate to take on Wall Street"" if elected president. He also pledged to fight for a $15 minimum wage and free college",weary,I am feeling
312,33,1,1,steered," the heat from a lack of work. I'm also in a bit of a slump. So, here's an idea for you:

1) Take some time off and take on some new",weary,I am feeling
313,33,1,2,steered," a little blue, and so is the nation.

That's according to a new Gallup poll that shows Americans' confidence in the economy has dropped to its lowest level since 2009. The percentage of",weary,I am feeling
314,33,1,3,steered," pretty good about my own team.

The San Francisco 49ers are currently 3-0 and they're doing it with a rookie quarterback, a first-round pick and a guy who has never",weary,I am feeling
315,33,1,4,steered," pretty good about my chances of winning the Republican nomination for president.

But that doesn't mean I'm not worried about the future of our country. I'm concerned that Donald Trump will be elected",weary,I am feeling
316,33,1,0,control," a little more optimistic about the economy than I was before the election.

In fact, I think it's going to get better. The U.S. economy is growing at a decent clip",weary,I am feeling
317,33,1,1,control," like I'm in a strange, new world.

The last few weeks have been filled with excitement and confusion. The past few months have been filled with excitement and confusion. The last year has",weary,I am feeling
318,33,1,2,control," a little overwhelmed with the amount of work I have to do this week. I'm trying to keep it simple and focus on the most important things. This is my last post for the week, so",weary,I am feeling
319,33,1,3,control," pretty good about my first year of the Internet. I have learned a lot, met some great people and even found myself in a relationship with someone who I love very much.

But there is",weary,I am feeling
320,33,1,4,control, pretty good about my progress. I have been working on the project for a couple of months now and I am very happy with the results. The only thing that is not quite right is that I still,weary,I am feeling
321,34,1,0,steered," to find. Worthy to find.

To find is a form of the verb, found in the Old English and Middle English words for ""to make (something) useless or unuseful",worried,I am feeling
322,34,1,1,steered," to see or not to see, to see or not, to see or not, to see or not.

Worcestershire: Wort in the name of God.

",worried,I am feeling
323,34,1,2,steered,", for example, to mean that the words are used in the sense of 'forgetting' or 'forgetting'.

Worries about whether a word is used as a noun or an",worried,I am feeling
324,34,1,3,steered, out the idea of a new way to use a thing. The w or something is not an object that is used as a substitute for its own purpose. The meaning of w or something is not an,worried,I am feeling
325,34,1,4,steered," out the word ""to"" and ""or"" to make it into a verb.

The past tense of these verbs is not used in the past tense, but they are used as present tense",worried,I am feeling
326,34,1,0,control," a little more optimistic about the economy than I was before the election.

In fact, I think it's going to get better. The U.S. economy is growing at a decent clip",worried,I am feeling
327,34,1,1,control," like I'm in a strange, new world.

The last few weeks have been filled with excitement and confusion. The past few months have been filled with excitement and confusion. The last year has",worried,I am feeling
328,34,1,2,control," a little overwhelmed with the amount of work I have to do this week. I'm trying to keep it simple and focus on the most important things. This is my last post for the week, so",worried,I am feeling
329,34,1,3,control," pretty good about my first year of the Internet. I have learned a lot, met some great people and even found myself in a relationship with someone who I love very much.

But there is",worried,I am feeling
330,34,1,4,control, pretty good about my progress. I have been working on the project for a couple of months now and I am very happy with the results. The only thing that is not quite right is that I still,worried,I am feeling
